-- phpMyAdmin SQL Dump
-- version 5.2.1
-- https://www.phpmyadmin.net/
--
-- 主機： 127.0.0.1
-- 產生時間： 2025-05-26 11:24:00
-- 伺服器版本： 10.4.32-MariaDB
-- PHP 版本： 8.2.12

SET SQL_MODE = "NO_AUTO_VALUE_ON_ZERO";
START TRANSACTION;
SET time_zone = "+00:00";

/*!40101 SET @OLD_CHARACTER_SET_CLIENT=@@CHARACTER_SET_CLIENT */;
/*!40101 SET @OLD_CHARACTER_SET_RESULTS=@@CHARACTER_SET_RESULTS */;
/*!40101 SET @OLD_COLLATION_CONNECTION=@@COLLATION_CONNECTION */;
/*!40101 SET NAMES utf8mb4 */;

--
-- 資料庫： `wallet`
--

-- --------------------------------------------------------

--
-- 資料表結構 `items`
--

CREATE TABLE `items` (
  `id` int(10) UNSIGNED NOT NULL AUTO_INCREMENT,
  `name` text NOT NULL,
  PRIMARY KEY (`id`)
) ENGINE=InnoDB DEFAULT CHARSET=utf8mb4 COLLATE=utf8mb4_unicode_ci;

--
-- 傾印資料表的資料 `items`
--

INSERT INTO `items` (`id`, `name`) VALUES
(1, '午餐'),
(2, '捷運'),
(3, '晚餐'),
(4, '早餐'),
(5, '加油'),
(6, '飲料'),
(7, '公車'),
(8, '生活用品'),
(9, '紙盒林鳳營鮮奶*2'),
(10, '台酒黑麥汁*1'),
(11, '多力多滋*1'),
(12, '法式大圓*1'),
(13, '泰山均衡369調和油*1'),
(14, '統一AB優惠乳*1'),
(15, '萬丹鮮奶-買1送2 *1'),
(16, '苜蓿芽*1+綠豆芽*1'),
(17, '自助加油'),
(18, '買早餐(麵包+牛奶)'),
(19, 'L夾'),
(20, '午餐(排骨飯+肉羹湯)'),
(21, '買外套'),
(22, '去光華商場'),
(23, '買滑鼠'),
(24, '晚餐(牛肉麵)'),
(25, '買typeC線'),
(26, '買冰淇淋'),
(27, '回家'),
(28, '買消夜(鹹酥雞)'),
(29, '拿鐵'),
(30, '健身房'),
(31, '電影院'),
(32, '超商早餐飯糰和飲料'),
(33, '學校午餐自助餐'),
(34, '晚餐牛肉麵加小菜'),
(35, '晚餐牛排'),
(36, '晚餐福勝亭豬排套餐'),
(37, '飯糰麥香綠'),
(38, '三明治'),
(39, '捷運車票'),
(40, '電信費'),
(41, '珍珠奶茶'),
(42, '機車加油'),
(43, '便當'),
(44, '鞋子'),
(45, '雨傘'),
(46, '同學會聚會'),
(47, '水餃'),
(48, '訂閱'),
(49, '衣服'),
(50, '罰單'),
(51, '貓飼料'),
(52, '車票'),
(53, '租借場地'),
(54, '手機'),
(55, '吃燒肉!'),
(56, '咖啡'),
(57, '唇釉'),
(58, '密室逃脫'),
(59, '劇本殺'),
(60, '馬芬堡+咖啡'),
(61, '大冰美'),
(62, '車資'),
(63, '巴哈動畫瘋會員'),
(64, '雞肉丸子+果汁'),
(65, '小鞠的藥'),
(66, '罐頭'),
(67, 'Uber'),
(68, '房租+網路費'),
(69, '薪水'),
(70, '義大利麵'),
(71, 'steam遊戲'),
(72, '統一布丁 椰子水'),
(73, '柚子皮'),
(74, '包包'),
(75, '電話費'),
(76, '氣泡水'),
(77, '軟糖'),
(78, '奶茶'),
(79, '冰棒'),
(80, '紅茶'),
(81, '棉T袖'),
(82, '薄脆雞XL全明星餐');

-- --------------------------------------------------------

--
-- 資料表結構 `categories`
--

CREATE TABLE `categories` (
  `id` int(10) UNSIGNED NOT NULL AUTO_INCREMENT,
  `name` varchar(12) NOT NULL,
  PRIMARY KEY (`id`)
) ENGINE=InnoDB DEFAULT CHARSET=utf8mb4 COLLATE=utf8mb4_unicode_ci;

--
-- 傾印資料表的資料 `categories`
--

INSERT INTO `categories` (`id`, `name`) VALUES
(1, '飲食'),
(2, '交通'),
(3, '日用品'),
(4, '教育'),
(5, '服裝'),
(6, '娛樂'),
(7, '通訊'),
(8, '日常'),
(9, '健身房'),
(10, '寵物'),
(11, '社交'),
(12, '居住'),
(13, '收入'),
(14, '支出');

-- --------------------------------------------------------

--
-- 資料表結構 `places`
--

CREATE TABLE `places` (
  `id` int(10) UNSIGNED NOT NULL AUTO_INCREMENT,
  `name` varchar(20) NOT NULL,
  PRIMARY KEY (`id`)
) ENGINE=InnoDB DEFAULT CHARSET=utf8mb4 COLLATE=utf8mb4_unicode_ci;

--
-- 傾印資料表的資料 `places`
--

INSERT INTO `places` (`id`, `name`) VALUES
(1, '台北市'),
(2, '新北市'),
(3, '桃園市'),
(4, '台中市'),
(5, '高雄市'),
(6, '新竹市'),
(7, '台南市'),
(8, '基隆市'),
(9, '嘉義市'),
(10, '彰化縣'),
(11, '新北市板橋區'),
(12, '新北市泰山區'),
(13, '明志科大'),
(14, '青年公園'),
(15, '松菸誠品'),
(16, '好市多新莊店'),
(17, '西門町'),
(18, '新北市鶯歌'),
(19, '新北市樹林'),
(20, '新北市新莊區'),
(21, '新北市三重區'),
(22, '台北市中山區'),
(23, '大學門口'),
(24, '網路'),
(25, '金城路'),
(26, '學府路'),
(27, '板橋'),
(28, '宏匯'),
(29, '五股'),
(30, '江子翠'),
(31, '蘆洲');

-- --------------------------------------------------------

--
-- 資料表結構 `stores`
--

CREATE TABLE `stores` (
  `id` int(10) UNSIGNED NOT NULL AUTO_INCREMENT,
  `name` varchar(20) NOT NULL,
  PRIMARY KEY (`id`)
) ENGINE=InnoDB DEFAULT CHARSET=utf8mb4 COLLATE=utf8mb4_unicode_ci;

--
-- 傾印資料表的資料 `stores`
--

INSERT INTO `stores` (`id`, `name`) VALUES
(1, '便當店A'),
(2, '捷運站'),
(3, '拉麵店B'),
(4, '早餐店C'),
(5, '加油站'),
(6, '飲料店'),
(7, '義大利餐廳'),
(8, '公車站'),
(9, '大賣場'),
(10, '韓國餐廳'),
(11, '家樂福'),
(12, '全聯'),
(13, '中油直營店'),
(14, '7-11'),
(15, '文具店'),
(16, '便當店'),
(17, 'UNIQLO'),
(18, 'MRT'),
(19, '三創'),
(20, '牛肉麵店'),
(21, '電腦店'),
(22, '冰淇淋店'),
(23, '鹹酥雞店'),
(24, '一餐'),
(25, '園區健身房'),
(26, '誠品電影院'),
(27, '好事多新莊店'),
(28, '薩利亞'),
(29, '全家'),
(30, '大庭牛肉麵'),
(31, '大塊牛排'),
(32, '板橋府中店'),
(33, '燒臘'),
(34, '租屋處'),
(35, 'ohYaki'),
(36, '屈臣氏'),
(37, 'funlock'),
(38, '謀殺衛斯理'),
(39, '路易莎'),
(40, '達利'),
(41, '美而美'),
(42, '中華電信'),
(43, '五十嵐'),
(44, '中油'),
(45, '自助餐'),
(46, 'ABC'),
(47, 'KTV'),
(48, '八方雲集'),
(49, 'twitch'),
(50, '高鐵'),
(51, '運動中心'),
(52, '樂膚莉動物醫院'),
(53, '愛貓園'),
(54, '房東'),
(55, '咪咪卯卯公司'),
(56, 'nekopasta'),
(57, 'steam'),
(58, '日商超市'),
(59, '波波貴媽咪'),
(60, '銀杏子豬排'),
(61, 'playboy'),
(62, '遠傳'),
(63, '善美自助餐'),
(64, '可不可熟成紅茶'),
(65, '蘆洲徐匯牧場'),
(66, '徐匯廣場優衣有限'),
(67, '肯德基'),
(68, '永和豆漿店'),
(69, '明志科技大學'),
(70, '三商巧福'),
(71, '鬍鬚張'),
(72, '台鐵'),
(73, '巴哈'),
(74, 'Uber'),
(75, 'XX小舖');

-- --------------------------------------------------------

--
-- 資料表結構 `payments`
--

CREATE TABLE `payments` (
  `id` int(10) UNSIGNED NOT NULL AUTO_INCREMENT,
  `name` varchar(20) NOT NULL,
  PRIMARY KEY (`id`)
) ENGINE=InnoDB DEFAULT CHARSET=utf8mb4 COLLATE=utf8mb4_unicode_ci;

--
-- 傾印資料表的資料 `payments`
--

INSERT INTO `payments` (`id`, `name`) VALUES
(1, '現金'),
(2, '悠遊卡'),
(3, '信用卡'),
(4, 'LinePay'),
(5, '一卡通'),
(6, 'icash Pay'),
(7, '儲值卡'),
(8, 'ApplePay'),
(9, '轉帳'),
(10, '點數');

-- --------------------------------------------------------

--
-- 資料表結構 `accounts`
--

CREATE TABLE `accounts` (
  `id` int(10) UNSIGNED NOT NULL AUTO_INCREMENT,
  `name` varchar(20) NOT NULL,
  PRIMARY KEY (`id`)
) ENGINE=InnoDB DEFAULT CHARSET=utf8mb4 COLLATE=utf8mb4_unicode_ci;

--
-- 傾印資料表的資料 `accounts`
--

INSERT INTO `accounts` (`id`, `name`) VALUES
(1, '錢包'),
(2, '悠遊卡'),
(3, '信用卡'),
(4, '台新gogo卡'),
(5, '王道銀行活存'),
(6, '永豐green卡'),
(7, 'icash卡'),
(8, '元大卡'),
(9, '儲值卡'),
(10, 'LINE Pay帳戶'),
(11, '玉山帳戶'),
(12, '台新'),
(13, 'cube卡'),
(14, 'LINEBank'),
(15, 'XX銀行'),
(16, '玉山'),
(17, 'mycard');

-- --------------------------------------------------------

--
-- 資料表結構 `receipts`
--

CREATE TABLE `receipts` (
  `id` int(10) UNSIGNED NOT NULL AUTO_INCREMENT,
  `number` varchar(20) DEFAULT NULL,
  PRIMARY KEY (`id`)
) ENGINE=InnoDB DEFAULT CHARSET=utf8mb4 COLLATE=utf8mb4_unicode_ci;

--
-- 傾印資料表的資料 `receipts`
--

INSERT INTO `receipts` (`id`, `number`) VALUES
(1, '收據編號1'),
(2, '收據編號2'),
(3, '收據編號3'),
(4, '收據編號4'),
(5, '收據編號5'),
(6, '收據編號6'),
(7, '收據編號7'),
(8, '收據編號8'),
(9, '收據編號9'),
(10, '收據編號10'),
(11, '電子發票'),
(12, 'INV20250501001'),
(13, 'INV20250501002'),
(14, 'INV20250501003'),
(15, 'INV20250501004'),
(16, 'INV20250501005'),
(17, 'INV20250501006'),
(18, 'INV20250501007'),
(19, 'INV20250501008'),
(20, 'INV20250501009'),
(21, 'INV20250501010'),
(22, 'INV20250501011'),
(23, 'INV20250521001'),
(24, 'INV20250521002'),
(25, 'INV20250521003'),
(26, 'INV20250520001'),
(27, 'INV20250519001'),
(28, 'INV20250520002'),
(29, 'INV20250519002'),
(30, 'INV20250517001'),
(31, 'INV20250516001'),
(32, 'INV20250517002'),
(33, 'INV20250521004'),
(34, 'INV20250521005'),
(35, 'INV20250522001'),
(36, 'INV20250522002'),
(37, 'INV20250522003'),
(38, 'INV20250523001'),
(39, 'INV20250523002'),
(40, 'INV20250523003'),
(41, 'AA0000001'),
(42, 'AA0000002'),
(43, 'AA0000003'),
(44, 'INV20250513001'),
(45, 'INV20250515001'),
(46, 'AA0000009'),
(47, 'AA0000012'),
(48, 'INV20250522004'),
(49, 'AA0000013'),
(50, 'INV20250521006'),
(51, 'AG12345678'),
(52, 'df45678945'),
(53, 'fd74152878'),
(54, 'fd45628425'),
(55, 'fd85496257'),
(56, 'INV20250523004'),
(57, 'INV20250524001'),
(58, 'sf45812547'),
(59, 'INV20250525001'),
(60, 'ds45128569'),
(61, 'INV20250501012'),
(62, 'INV20250501013'),
(63, 'AB12345678'),
(64, 'BC12345677'),
(65, 'CC12377777'),
(66, 'INV20250521007'),
(67, 'XX12345678'),
(68, 'ZA12345678'),
(69, '1234'),
(70, 'INV20250521008'),
(71, '1556478'),
(72, '455622123'),
(73, 'INV20220309001'),
(74, '54633211'),
(75, '2678941313'),
(76, 'INV20210325001'),
(77, 'INV20250428001'),
(78, 'AA0000000001'),
(79, 'AA0000000002'),
(80, 'AA0000000003'),
(81, 'AA0000000004'),
(82, 'AA0000000005'),
(83, 'INV20250505002'),
(84, 'INV20250506001'),
(85, 'INV20250507001'),
(86, 'INV20250508001'),
(87, 'INV20250509001'),
(88, 'AA0000000006'),
(89, 'AA0000000007'),
(90, 'AA0000000008'),
(91, 'AA0000000009'),
(92, 'AA0000000010'),
(93, 'INV20250502001'),
(94, 'NQ15468541'),
(95, 'NV25448641'),
(96, 'INV20250517003'),
(97, 'PG123456789'),
(98, 'INV20250412001'),
(99, 'INV20250505001'),
(100, 'INV20250402001'),
(101, 'PA987654321'),
(102, 'CG777777854'),
(103, 'INV20250510001'),
(104, 'NA90011328'),
(105, 'PK21332739'),
(106, 'PG61043754'),
(107, 'PC64163485'),
(108, 'PC63939763'),
(109, 'NL74049777'),
(110, 'NP56153033'),
(111, 'INV20250521009'),
(112, 'NP62434260'),
(113, 'EP62434260'),
(114, 'NZ12284671'),
(115, 'PD56429803'),
(116, 'PB80327332'),
(117, 'PC69871816');

-- --------------------------------------------------------

--
-- 資料表結構 `tags`
--

CREATE TABLE `tags` (
  `id` int(10) UNSIGNED NOT NULL AUTO_INCREMENT,
  `name` text NOT NULL,
  PRIMARY KEY (`id`)
) ENGINE=InnoDB DEFAULT CHARSET=utf8mb4 COLLATE=utf8mb4_unicode_ci;

--
-- 傾印資料表的資料 `tags`
--

INSERT INTO `tags` (`id`, `name`) VALUES
(1, '食物'),
(2, '交通'),
(3, '早餐'),
(4, '飲料'),
(5, '日用品'),
(6, '文具'),
(7, '服裝'),
(8, '電子產品'),
(9, '甜點'),
(10, '宵夜'),
(11, '咖啡'),
(12, '健身房'),
(13, '電影'),
(14, '加油'),
(15, '午餐'),
(16, '晚餐'),
(17, '飯糰'),
(18, '自助餐'),
(19, '牛肉麵'),
(20, '小菜'),
(21, '牛排'),
(22, '豬排'),
(23, '洗衣'),
(24, '自助加油'),
(25, '優惠券'),
(26, '特價'),
(27, '零食'),
(28, '線上購物'),
(29, '燒肉'),
(30, '美妝'),
(31, '密室逃脫'),
(32, '電信費'),
(33, '機車'),
(34, '娛樂'),
(35, '社交'),
(36, '定期'),
(37, '點數'),
(38, '罰單'),
(39, '寵物'),
(40, '醫療'),
(41, '叫車'),
(42, '固定支出'),
(43, '固定收入'),
(44, '遊戲'),
(45, 'VIP'),
(46, '上課'),
(47, '假日'),
(48, '運動'),
(49, '手機');

-- --------------------------------------------------------



--
-- 資料表結構 `expenses`
--

CREATE TABLE `expenses` (
  `id` int(10) UNSIGNED NOT NULL AUTO_INCREMENT,
  `amount` int(10) UNSIGNED NOT NULL COMMENT '支出金額（單位：元）',
  `pay_date` date NOT NULL COMMENT '消費日期',
  `item_id` int(10) UNSIGNED NOT NULL,
  `category_id` int(10) UNSIGNED NOT NULL,
  `place_id` int(10) UNSIGNED NOT NULL,
  `store_id` int(10) UNSIGNED NOT NULL,
  `payment_id` int(10) UNSIGNED NOT NULL,
  `account_id` int(10) UNSIGNED NOT NULL,
  `receipt_id` int(10) UNSIGNED DEFAULT NULL,
  `note` text NOT NULL COMMENT '備註',
  `created_at` timestamp NOT NULL DEFAULT current_timestamp() COMMENT '建立時間',
  `updated_at` timestamp NOT NULL DEFAULT current_timestamp() ON UPDATE current_timestamp() COMMENT '最後更新時間',
  PRIMARY KEY (`id`),
  FOREIGN KEY (`item_id`) REFERENCES `items` (`id`),
  FOREIGN KEY (`category_id`) REFERENCES `categories` (`id`),
  FOREIGN KEY (`place_id`) REFERENCES `places` (`id`),
  FOREIGN KEY (`store_id`) REFERENCES `stores` (`id`),
  FOREIGN KEY (`payment_id`) REFERENCES `payments` (`id`),
  FOREIGN KEY (`account_id`) REFERENCES `accounts` (`id`),
  FOREIGN KEY (`receipt_id`) REFERENCES `receipts` (`id`)
) ENGINE=InnoDB DEFAULT CHARSET=utf8mb4 COLLATE=utf8mb4_unicode_ci;

--
-- 傾印資料表的資料 `expenses`
--

INSERT INTO `expenses` (`id`, `amount`, `pay_date`, `item_id`, `category_id`, `place_id`, `store_id`, `payment_id`, `account_id`, `receipt_id`, `note`, `created_at`, `updated_at`) VALUES
(1, 150, '2025-05-01', 1, 1, 1, 1, 1, 1, 1, '便當', '2025-05-21 09:43:23', '2025-05-21 09:43:23'),
(2, 200, '2025-05-02', 2, 2, 2, 2, 2, 2, 2, '搭乘捷運', '2025-05-21 09:43:23', '2025-05-21 09:43:23'),
(3, 300, '2025-05-03', 3, 1, 3, 3, 3, 3, 3, '拉麵', '2025-05-21 09:43:23', '2025-05-21 09:43:23'),
(4, 120, '2025-05-04', 4, 1, 4, 4, 1, 1, 4, '三明治', '2025-05-21 09:43:23', '2025-05-21 09:43:23'),
(5, 250, '2025-05-05', 5, 2, 5, 5, 3, 3, 5, '汽油費', '2025-05-21 09:43:23', '2025-05-21 09:43:23'),
(6, 80, '2025-05-06', 6, 1, 6, 6, 1, 1, 6, '手搖飲', '2025-05-21 09:43:23', '2025-05-21 09:43:23'),
(7, 180, '2025-05-07', 1, 1, 7, 7, 3, 3, 7, '義大利麵', '2025-05-21 09:43:23', '2025-05-21 09:43:23'),
(8, 100, '2025-05-08', 7, 2, 8, 8, 2, 2, 8, '搭乘公車', '2025-05-21 09:43:23', '2025-05-21 09:43:23'),
(9, 500, '2025-05-09', 8, 3, 9, 9, 3, 3, 9, '超市購物', '2025-05-21 09:43:23', '2025-05-21 09:43:23'),
(10, 220, '2025-05-10', 3, 1, 10, 10, 1, 1, 10, '韓式料理', '2025-05-21 09:43:23', '2025-05-21 09:43:23'),
(11, 150, '2025-05-14', 9, 1, 2, 11, 4, 4, 11, '使用優惠券', '2025-05-21 08:11:44', '2025-05-23 02:26:36'),
(12, 65, '2025-05-21', 10, 1, 2, 12, 5, 5, 11, '噶瑪蘭不好喝，稀釋還原', '2025-05-21 08:11:44', '2025-05-23 02:28:09'),
(13, 80, '2025-05-21', 11, 1, 2, 11, 4, 6, 11, '換大包裝變貴，四包64元變五包80元', '2025-05-21 08:11:44', '2025-05-23 02:28:20'),
(14, 150, '2025-05-20', 12, 1, 2, 11, 4, 6, 11, '湊永豐卡滿2000送200', '2025-05-21 08:11:44', '2025-05-23 02:28:28'),
(15, 179, '2025-05-20', 13, 1, 24, 11, 4, 4, 11, '歷史低價149', '2025-05-21 08:22:37', '2025-05-23 02:28:35'),
(16, 72, '2025-05-20', 14, 1, 24, 11, 4, 4, 11, '效期太短', '2025-05-21 08:22:37', '2025-05-23 02:28:40'),
(17, 159, '2025-05-06', 15, 1, 2, 11, 4, 4, 11, '', '2025-05-21 08:11:44', '2025-05-23 02:28:44'),
(18, 45, '2025-05-05', 12, 1, 2, 11, 4, 4, 11, '', '2025-05-21 08:11:44', '2025-05-23 02:28:47'),
(19, 65, '2025-05-21', 16, 1, 2, 12, 5, 5, 11, '特價28，原價32', '2025-05-21 08:11:44', '2025-05-23 02:28:14'),
(20, 90, '2025-05-15', 17, 2, 2, 13, 3, 8, 11, '忘記帶手機', '2025-05-21 08:11:44', '2025-05-23 02:28:47'),
(21, 100, '2025-05-01', 18, 1, 1, 14, 6, 7, 12, '', '2025-05-21 08:10:05', '2025-05-21 08:10:05'),
(22, 60, '2025-05-01', 19, 4, 1, 15, 1, 1, 13, '', '2025-05-21 08:15:28', '2025-05-21 08:15:28'),
(23, 300, '2025-05-01', 20, 1, 1, 16, 1, 1, 14, '', '2025-05-21 08:15:28', '2025-05-21 08:15:28'),
(24, 2500, '2025-05-01', 21, 5, 1, 17, 3, 3, 15, '', '2025-05-21 08:29:59', '2025-05-21 08:29:59'),
(25, 15, '2025-05-01', 22, 2, 1, 18, 2, 2, 16, '', '2025-05-21 08:29:59', '2025-05-21 08:29:59'),
(26, 1500, '2025-05-01', 23, 4, 1, 19, 3, 3, 17, '', '2025-05-21 08:29:59', '2025-05-21 08:29:59'),
(27, 320, '2025-05-01', 24, 1, 1, 20, 1, 1, 18, '', '2025-05-21 08:29:59', '2025-05-21 08:30:40'),
(28, 500, '2025-05-01', 25, 4, 1, 21, 1, 1, 19, '', '2025-05-21 08:29:59', '2025-05-21 08:29:59'),
(29, 100, '2025-05-01', 26, 1, 1, 22, 1, 1, 20, '', '2025-05-21 08:29:59', '2025-05-21 08:29:59'),
(30, 15, '2025-05-01', 27, 2, 1, 18, 2, 2, 21, '', '2025-05-21 08:29:59', '2025-05-21 08:29:59'),
(31, 300, '2025-05-01', 28, 1, 1, 23, 1, 1, 22, '', '2025-05-21 08:29:59', '2025-05-21 08:29:59'),
(32, 80, '2025-05-21', 1, 1, 13, 24, 1, 1, 23, '學餐', '2025-05-21 07:48:20', '2025-05-21 07:48:20'),
(33, 45, '2025-05-21', 29, 1, 13, 14, 6, 7, 24, '7-11 拿鐵', '2025-05-21 07:50:14', '2025-05-21 07:50:14'),
(34, 50, '2025-05-21', 30, 9, 14, 25, 2, 2, 25, '', '2025-05-21 07:51:16', '2025-05-21 07:51:16'),
(35, 50, '2025-05-20', 30, 9, 14, 25, 2, 2, 26, '', '2025-05-21 07:51:16', '2025-05-21 07:51:16'),
(36, 50, '2025-05-19', 30, 9, 14, 25, 2, 2, 27, '', '2025-05-21 07:51:16', '2025-05-21 07:51:16'),
(37, 80, '2025-05-20', 1, 1, 13, 24, 1, 1, 28, '學餐', '2025-05-21 07:48:20', '2025-05-21 07:48:20'),
(38, 80, '2025-05-19', 1, 1, 13, 24, 1, 1, 29, '學餐', '2025-05-21 07:48:20', '2025-05-21 07:48:20'),
(39, 220, '2025-05-17', 31, 6, 15, 26, 7, 9, 30, '囍宴', '2025-05-21 07:54:01', '2025-05-21 07:54:01'),
(40, 600, '2025-05-16', 5, 2, 16, 27, 8, 3, 31, '', '2025-05-21 07:55:25', '2025-05-21 07:55:25'),
(41, 350, '2025-05-17', 3, 1, 17, 28, 4, 10, 32, '我先結了1800', '2025-05-21 07:56:40', '2025-05-21 07:56:40'),
(42, 50, '2025-05-21', 32, 1, 11, 29, 1, 1, 23, '早餐買超商比較快速', '2025-05-21 08:15:57', '2025-05-21 08:24:44'),
(43, 80, '2025-05-21', 33, 1, 12, 69, 1, 1, 33, '午餐學校吃比較方便', '2025-05-21 08:15:57', '2025-05-21 08:21:21'),
(44, 200, '2025-05-21', 34, 1, 11, 30, 4, 11, 34, '心情好想吃麵', '2025-05-21 08:15:57', '2025-05-21 08:22:05'),
(45, 50, '2025-05-22', 32, 1, 11, 29, 1, 1, 35, '早餐買超商比較快速', '2025-05-21 08:15:57', '2025-05-21 08:21:42'),
(46, 80, '2025-05-22', 33, 1, 12, 69, 1, 1, 36, '午餐學校吃比較方便', '2025-05-21 08:15:57', '2025-05-21 08:21:21'),
(47, 250, '2025-05-22', 35, 1, 11, 31, 1, 1, 37, '心情好想吃肉', '2025-05-21 08:15:57', '2025-05-21 08:26:27'),
(48, 50, '2025-05-23', 32, 1, 11, 29, 1, 1, 38, '早餐買超商比較快速', '2025-05-21 08:15:57', '2025-05-21 08:24:44'),
(49, 80, '2025-05-23', 33, 1, 12, 69, 1, 1, 39, '午餐學校吃比較方便', '2025-05-21 08:15:57', '2025-05-21 08:21:21'),
(50, 200, '2025-05-23', 36, 1, 11, 32, 4, 11, 40, '逛街吃飯', '2025-05-21 08:15:57', '2025-05-21 08:27:45'),
(51, 38, '2025-05-12', 4, 1, 12, 14, 1, 1, 41, '茶葉蛋13 +豆漿25', '2025-05-21 08:29:05', '2025-05-25 19:08:53'),
(52, 75, '2025-05-12', 1, 1, 12, 14, 1, 1, 42, '三明治+飲料', '2025-05-25 19:12:27', '2025-05-25 19:12:27'),
(53, 110, '2025-05-12', 3, 1, 12, 33, 1, 1, 43, '雞腿便當', '2025-05-25 19:12:27', '2025-05-25 19:12:27'),
(54, 30, '2025-05-13', 54, 8, 12, 34, 1, 1, 44, '', '2025-05-21 08:29:05', '2025-05-25 19:08:53'),
(55, 300, '2025-05-15', 55, 2, 12, 29, 1, 1, 45, '悠遊卡加值', '2025-05-25 19:17:28', '2025-05-25 19:17:28'),
(56, 38, '2025-05-13', 4, 1, 12, 14, 1, 1, 46, '茶葉蛋13 +豆漿25', '2025-05-21 08:29:05', '2025-05-25 19:08:53'),
(57, 60, '2025-05-13', 1, 1, 12, 29, 1, 1, 47, '三角飯糰+飲料', '2025-05-25 19:12:27', '2025-05-25 19:24:43'),
(58, 300, '2025-05-22', 55, 2, 12, 29, 1, 1, 48, '悠遊卡加值', '2025-05-25 19:17:28', '2025-05-25 19:23:21'),
(59, 100, '2025-05-13', 3, 1, 12, 33, 1, 1, 49, '蜜汁叉燒便當', '2025-05-25 19:12:27', '2025-05-25 19:12:27'),
(60, 30, '2025-05-21', 54, 8, 12, 34, 1, 1, 50, '', '2025-05-21 08:29:05', '2025-05-25 19:23:39'),
(61, 700, '2025-05-21', 55, 1, 20, 35, 1, 1, 51, '', '2025-05-21 08:18:05', '2025-05-21 08:18:05'),
(62, 60, '2025-05-21', 56, 1, 12, 14, 8, 3, 52, '', '2025-05-21 08:19:51', '2025-05-21 08:19:51'),
(63, 350, '2025-05-20', 57, 5, 21, 36, 3, 3, 53, '', '2025-05-21 08:21:10', '2025-05-21 08:27:46'),
(64, 60, '2025-05-22', 56, 1, 21, 14, 8, 3, 54, '', '2025-05-21 08:29:26', '2025-05-21 08:29:26'),
(65, 60, '2025-05-23', 56, 1, 20, 29, 3, 3, 55, '', '2025-05-21 08:30:50', '2025-05-21 08:30:50'),
(66, 600, '2025-05-23', 58, 6, 22, 37, 1, 1, 56, '', '2025-05-21 08:32:37', '2025-05-21 08:32:37'),
(67, 600, '2025-05-24', 59, 6, 22, 38, 1, 1, 57, '', '2025-05-21 08:32:37', '2025-05-21 08:32:37'),
(68, 150, '2025-05-25', 60, 1, 20, 39, 8, 3, 58, '', '2025-05-26 00:05:43', '2025-05-26 00:05:43'),
(69, 300, '2025-05-25', 4, 1, 20, 40, 1, 1, 59, '', '2025-05-26 00:05:43', '2025-05-26 00:05:43'),
(70, 60, '2025-05-26', 61, 1, 12, 14, 3, 3, 60, '', '2025-05-26 00:06:54', '2025-05-26 00:06:54'),
(71, 30, '2025-05-01', 38, 1, 1, 41, 1, 1, 61, '早餐', '2025-05-21 08:13:41', '2025-05-21 08:20:55'),
(72, 30, '2025-05-01', 39, 2, 1, 18, 2, 2, 62, '台北-西門', '2025-05-21 08:16:42', '2025-05-21 08:31:28'),
(73, 399, '2025-05-02', 40, 7, 1, 42, 3, 16, 63, '11404帳單', '2025-05-21 08:31:00', '2025-05-21 08:31:00'),
(74, 50, '2025-05-03', 41, 1, 2, 43, 4, 11, 64, '', '2025-05-21 08:34:47', '2025-05-21 08:34:47'),
(75, 100, '2025-05-08', 42, 2, 2, 44, 3, 16, 65, '95', '2025-05-22 08:24:50', '2025-05-22 08:24:50'),
(76, 110, '2025-05-21', 43, 1, 1, 45, 1, 1, 66, '晚餐', '2025-05-22 08:26:58', '2025-05-22 08:26:58'),
(77, 1000, '2025-05-19', 44, 5, 2, 46, 3, 16, 67, '雨鞋', '2025-05-22 08:29:51', '2025-05-22 08:29:51'),
(78, 399, '2025-05-19', 45, 5, 2, 46, 3, 16, 67, '折疊', '2025-05-22 08:31:30', '2025-05-22 08:31:30'),
(79, 810, '2025-05-18', 46, 11, 1, 47, 1, 1, 68, '卡拉OK', '2025-05-22 08:33:38', '2025-05-22 08:33:38'),
(80, 80, '2025-05-19', 47, 1, 1, 48, 1, 1, 68, '無', '2025-05-26 00:12:14', '2025-05-26 00:12:14'),
(81, 40, '2025-05-21', 37, 1, 23, 14, 1, 1, 69, '午餐', '2025-05-21 07:58:32', '2025-05-21 07:58:32'),
(83, 30, '2025-05-21', 2, 2, 1, 18, 2, 2, 70, '丹鳳到海山', '2025-05-21 08:05:28', '2025-05-21 08:05:28'),
(84, 81, '2025-05-20', 48, 6, 24, 49, 10, 17, 71, 'godjj', '2025-05-21 08:08:31', '2025-05-21 08:08:31'),
(85, 1600, '2025-05-20', 49, 5, 25, 17, 3, 3, 72, '短袖短褲', '2025-05-21 08:11:54', '2025-05-21 08:11:54'),
(86, 1200, '2022-03-09', 50, 14, 26, 29, 1, 1, 73, '行近班馬線,不暫停禮讓行人', '2025-05-21 08:18:00', '2025-05-21 08:18:00'),
(87, 1186, '2023-08-11', 51, 10, 24, 75, 4, 15, 74, '不夠,補貨', '2025-05-21 08:20:47', '2025-05-21 08:20:47'),
(88, 1590, '2025-04-30', 52, 2, 24, 50, 3, 3, 75, '回嘉義', '2025-05-21 08:22:37', '2025-05-21 08:22:37'),
(89, 600, '2021-03-25', 53, 6, 25, 51, 1, 1, 76, '羽球', '2025-05-21 08:26:49', '2025-05-21 08:26:49'),
(90, 299, '2025-04-28', 54, 6, 26, 29, 1, 1, 77, '定期,手機繳費', '2025-05-21 08:29:54', '2025-05-21 08:29:54'),
(91, 49, '2025-05-05', 4, 1, 18, 29, 1, 1, 78, '', '2025-05-21 07:52:37', '2025-05-21 07:59:10'),
(92, 60, '2025-05-06', 4, 1, 12, 68, 1, 1, 79, '', '2025-05-21 07:53:44', '2025-05-21 08:00:06'),
(93, 49, '2025-05-07', 4, 1, 12, 29, 1, 1, 80, '', '2025-05-21 07:53:44', '2025-05-21 08:00:23'),
(94, 49, '2025-05-08', 4, 1, 12, 29, 1, 1, 81, '', '2025-05-21 07:53:44', '2025-05-21 08:00:36'),
(95, 49, '2025-05-09', 4, 1, 12, 29, 1, 1, 82, '', '2025-05-21 07:53:44', '2025-05-21 08:01:15'),
(96, 80, '2025-05-05', 1, 1, 12, 69, 1, 1, 83, '', '2025-05-21 07:52:37', '2025-05-21 07:59:10'),
(97, 80, '2025-05-06', 1, 1, 12, 69, 1, 1, 84, '', '2025-05-21 07:52:37', '2025-05-21 07:59:10'),
(98, 80, '2025-05-07', 1, 1, 12, 69, 1, 1, 85, '', '2025-05-21 07:52:37', '2025-05-21 07:59:10'),
(99, 80, '2025-05-08', 1, 1, 12, 69, 1, 1, 86, '', '2025-05-21 07:52:37', '2025-05-21 07:59:10'),
(100, 80, '2025-05-09', 1, 1, 12, 69, 1, 1, 87, '', '2025-05-21 07:52:37', '2025-05-21 07:59:10'),
(101, 270, '2025-05-05', 3, 1, 19, 70, 1, 1, 88, '', '2025-05-21 07:52:37', '2025-05-21 08:12:03'),
(102, 135, '2025-05-06', 3, 1, 19, 70, 1, 1, 89, '', '2025-05-21 07:52:37', '2025-05-21 08:12:17'),
(103, 200, '2025-05-07', 3, 1, 19, 71, 1, 1, 90, '', '2025-05-21 07:52:37', '2025-05-21 08:12:36'),
(104, 140, '2025-05-08', 3, 1, 19, 48, 1, 1, 91, '', '2025-05-21 07:52:37', '2025-05-21 08:12:49'),
(105, 270, '2025-05-09', 3, 1, 19, 70, 1, 1, 92, '', '2025-05-21 07:52:37', '2025-05-21 08:13:00'),
(106, 1200, '2025-05-02', 62, 2, 18, 72, 1, 1, 93, 't-pass 加值', '2025-05-21 08:11:26', '2025-05-21 08:11:26'),
(107, 1089, '2025-05-03', 63, 6, 24, 73, 4, 12, 94, '一年份', '2025-05-21 07:56:57', '2025-05-21 08:06:44'),
(108, 106, '2025-05-21', 64, 1, 12, 29, 4, 11, 95, '', '2025-05-21 08:02:21', '2025-05-21 08:06:59'),
(109, 3086, '2025-05-17', 65, 10, 1, 52, 9, 12, 96, '環孢素&褪黑激素', '2025-05-21 08:05:38', '2025-05-21 08:07:15'),
(110, 764, '2025-05-06', 66, 10, 2, 53, 4, 11, 97, '測試罐頭*10', '2025-05-21 08:11:23', '2025-05-21 08:11:23'),
(111, 250, '2025-04-12', 67, 2, 2, 74, 4, 11, 98, '去泰山舊家', '2025-05-21 08:14:40', '2025-05-21 08:14:40'),
(112, 6300, '2025-05-05', 68, 12, 27, 54, 9, 12, 99, '5月', '2025-05-21 08:16:53', '2025-05-21 08:16:53'),
(113, 36000, '2025-04-02', 69, 13, 2, 55, 9, 12, 100, '4月薪水', '2025-05-21 08:22:32', '2025-05-21 08:22:32'),
(114, 652, '2025-03-20', 8, 8, 27, 12, 1, 1, 101, '衛生紙5袋', '2025-05-21 08:25:19', '2025-05-21 08:25:19'),
(115, 130, '2025-05-21', 70, 1, 27, 56, 1, 1, 102, '', '2025-05-21 08:27:08', '2025-05-21 08:27:08'),
(116, 1899, '2025-05-10', 71, 6, 24, 57, 9, 11, 103, 'P5R', '2025-05-21 08:29:21', '2025-05-21 08:29:21'),
(121, 224, '2025-05-18', 72, 1, 20, 12, 3, 13, 104, '', '2025-05-21 08:01:18', '2025-05-21 08:01:18'),
(122, 130, '2025-05-17', 73, 1, 28, 58, 3, 13, 105, '', '2025-05-21 08:08:42', '2025-05-21 08:09:39'),
(123, 3450, '2025-05-17', 49, 5, 24, 59, 3, 13, 106, '', '2025-05-21 08:08:42', '2025-05-21 08:08:42'),
(124, 1439, '2025-05-17', 3, 1, 28, 60, 9, 14, 107, '代付400', '2025-05-21 08:08:42', '2025-05-21 08:10:40'),
(125, 3122, '2025-05-17', 74, 5, 28, 61, 3, 13, 108, '', '2025-05-21 08:08:42', '2025-05-21 08:08:42'),
(126, 699, '2025-05-13', 75, 7, 24, 62, 3, 13, 109, '', '2025-05-21 08:08:42', '2025-05-21 08:08:42'),
(127, 29, '2025-05-21', 76, 1, 29, 14, 1, 1, 110, '泰山強氣泡水', '2025-05-21 08:19:35', '2025-05-21 08:19:35'),
(128, 135, '2025-05-21', 1, 1, 12, 63, 1, 1, 111, '自助餐', '2025-05-21 08:19:35', '2025-05-21 08:19:35'),
(129, 35, '2025-05-17', 76, 1, 30, 14, 1, 1, 112, '舒味思萊姆口味氣泡水', '2025-05-21 08:19:35', '2025-05-21 08:19:35'),
(130, 25, '2025-05-17', 77, 1, 30, 14, 1, 1, 113, '森永嗨啾軟糖', '2025-05-21 08:19:35', '2025-05-21 08:19:35'),
(131, 38, '2025-05-17', 78, 1, 30, 14, 1, 1, 112, '午後時光-草莓奶茶', '2025-05-21 08:19:35', '2025-05-21 08:19:35'),
(132, 30, '2025-05-17', 79, 1, 30, 14, 1, 1, 112, '義美紅豆牛奶冰棒', '2025-05-21 08:19:35', '2025-05-10 08:19:35'),
(133, 40, '2025-05-15', 80, 1, 12, 64, 1, 1, 114, '烏米紅茶(大)', '2025-05-21 08:19:35', '2025-05-21 08:19:35'),
(134, 2090, '2025-05-10', 3, 1, 31, 65, 1, 1, 115, 'MO-MO-PARADISE', '2025-05-21 08:19:35', '2025-05-21 08:19:35'),
(135, 490, '2025-05-10', 81, 5, 31, 66, 1, 1, 116, 'AIRism棉質無袖)無袖)', '2025-05-21 08:19:35', '2025-05-21 08:19:35'),
(136, 201, '2025-05-13', 3, 1, 29, 67, 1, 1, 117, '薄脆雞XL全明星餐', '2025-05-21 08:19:35', '2025-05-21 08:21:56');


--
-- 資料表結構 `expense_tags`
--

CREATE TABLE `expense_tags` (
  `expense_id` int(10) UNSIGNED NOT NULL,
  `tag_id` int(10) UNSIGNED NOT NULL,
  PRIMARY KEY (`expense_id`, `tag_id`),
  FOREIGN KEY (`expense_id`) REFERENCES `expenses` (`id`) ON DELETE CASCADE,
  FOREIGN KEY (`tag_id`) REFERENCES `tags` (`id`) ON DELETE CASCADE
) ENGINE=InnoDB DEFAULT CHARSET=utf8mb4 COLLATE=utf8mb4_unicode_ci;

--
-- 傾印資料表的資料 `expense_tags`
--

INSERT INTO `expense_tags` (`expense_id`, `tag_id`) VALUES
(1, 1), (1, 15),
(2, 2),
(3, 1), (3, 16),
(4, 1), (4, 3),
(5, 2), (5, 14),
(6, 1), (6, 4),
(7, 1), (7, 15),
(8, 2),
(9, 5),
(10, 1), (10, 16),
(11, 1), (11, 25),
(12, 1), (12, 26),
(13, 1), (13, 27),
(14, 1), (14, 3),
(15, 1), (15, 28),
(16, 1), (16, 28),
(17, 1), (17, 25),
(18, 1), (18, 3),
(19, 1), (19, 26),
(20, 2), (20, 24),
(21, 1), (21, 3),
(22, 6),
(23, 1), (23, 15),
(24, 7),
(25, 2),
(26, 8),
(27, 1), (27, 16),
(28, 8),
(29, 1), (29, 9),
(30, 2),
(31, 1), (31, 10),
(32, 1), (32, 15),
(33, 1), (33, 11), (33, 3),
(34, 12),
(35, 12),
(36, 12),
(37, 1), (37, 15),
(38, 1), (38, 15),
(39, 13),
(40, 2), (40, 14),
(41, 1), (41, 16),
(42, 1), (42, 3), (42, 17), (42, 4),
(43, 1), (43, 15), (43, 18),
(44, 1), (44, 16), (44, 19), (44, 20),
(45, 1), (45, 3), (45, 17), (45, 4),
(46, 1), (46, 15), (46, 18),
(47, 1), (47, 16), (47, 21),
(48, 1), (48, 3), (48, 17), (48, 4),
(49, 1), (49, 15), (49, 18),
(50, 1), (50, 16), (50, 22),
(51, 1), (51, 3),
(52, 1), (52, 15),
(53, 1), (53, 16),
(54, 23),
(55, 2),
(56, 1), (56, 3),
(57, 1), (57, 15), (57, 17),
(58, 2),
(59, 1), (59, 16),
(60, 23),
(61, 1), (61, 29),
(62, 1), (62, 11),
(63, 7), (63, 30),
(64, 1), (64, 11),
(65, 1), (65, 11),
(66, 31),
(67, 31),
(68, 1), (68, 3),
(69, 1), (69, 3),
(70, 1), (70, 4),
(71, 1), (71, 3),
(72, 2),
(73, 32),
(74, 4),
(75, 2), (75, 33),
(76, 1), (76, 16),
(77, 7),
(78, 7),
(79, 34), (79, 35),
(80, 1),
(81, 1), (81, 15),
(83, 2),
(84, 36), (84, 37),
(85, 7),
(86, 2), (86, 38),
(87, 1), (87, 39),
(88, 2),
(89, 48),
(90, 36), (90, 49),
(91, 1), (91, 3),
(92, 1), (92, 3),
(93, 1), (93, 3),
(94, 1), (94, 3),
(95, 1), (95, 3),
(96, 1), (96, 15),
(97, 1), (97, 15),
(98, 1), (98, 15),
(99, 1), (99, 15),
(100, 1), (100, 15),
(101, 1), (101, 16),
(102, 1), (102, 16),
(103, 1), (103, 16),
(104, 1), (104, 16),
(105, 1), (105, 16),
(106, 2),
(107, 45),
(108, 1), (108, 15),
(109, 39), (109, 40),
(110, 1), (110, 39),
(111, 2), (111, 41),
(112, 42),
(113, 43),
(114, 5),
(115, 1), (115, 16),
(121, 1),
(122, 1),
(123, 7),
(124, 1), (124, 16),
(125, 7),
(126, 7),
(127, 4), (127, 46),
(128, 1), (128, 15), (128, 18),
(129, 4), (129, 47),
(130, 27), (130, 47),
(131, 4), (131, 47),
(132, 4), (132, 47),
(133, 4), (133, 46),
(134, 1), (134, 16), (134, 47),
(135, 7), (135, 47),
(136, 1), (136, 16), (136, 46);

-- --------------------------------------------------------
--
-- 在傾印的資料表使用自動遞增(AUTO_INCREMENT)
--

ALTER TABLE `items`
  MODIFY `id` int(10) UNSIGNED NOT NULL AUTO_INCREMENT, AUTO_INCREMENT=83;

ALTER TABLE `categories`
  MODIFY `id` int(10) UNSIGNED NOT NULL AUTO_INCREMENT, AUTO_INCREMENT=15;

ALTER TABLE `places`
  MODIFY `id` int(10) UNSIGNED NOT NULL AUTO_INCREMENT, AUTO_INCREMENT=32;

ALTER TABLE `stores`
  MODIFY `id` int(10) UNSIGNED NOT NULL AUTO_INCREMENT, AUTO_INCREMENT=76;

ALTER TABLE `payments`
  MODIFY `id` int(10) UNSIGNED NOT NULL AUTO_INCREMENT, AUTO_INCREMENT=11;

ALTER TABLE `accounts`
  MODIFY `id` int(10) UNSIGNED NOT NULL AUTO_INCREMENT, AUTO_INCREMENT=18;

ALTER TABLE `receipts`
  MODIFY `id` int(10) UNSIGNED NOT NULL AUTO_INCREMENT, AUTO_INCREMENT=118;

ALTER TABLE `tags`
  MODIFY `id` int(10) UNSIGNED NOT NULL AUTO_INCREMENT, AUTO_INCREMENT=50;

ALTER TABLE `expenses`
  MODIFY `id` int(10) UNSIGNED NOT NULL AUTO_INCREMENT, AUTO_INCREMENT=137;

COMMIT;

/*!40101 SET CHARACTER_SET_CLIENT=@OLD_CHARACTER_SET_CLIENT */;
/*!40101 SET CHARACTER_SET_RESULTS=@OLD_CHARACTER_SET_RESULTS */;
/*!40101 SET COLLATION_CONNECTION=@OLD_COLLATION_CONNECTION */;